<?xml version="1.0" encoding="UTF-8"?>
<results version="2">
    <cppcheck version="2.17.1"/>
    <errors>
        <error id="missingIncludeSystem" severity="information" msg="Include file: &lt;cassert&gt; not found. Please note: Cppcheck does not need standard library headers to get proper results." verbose="Include file: &lt;cassert&gt; not found. Please note: Cppcheck does not need standard library headers to get proper results.">
            <location file="QuestionableCode.cpp" line="1" column="0"/>
        </error>
        <error id="missingIncludeSystem" severity="information" msg="Include file: &lt;iostream&gt; not found. Please note: Cppcheck does not need standard library headers to get proper results." verbose="Include file: &lt;iostream&gt; not found. Please note: Cppcheck does not need standard library headers to get proper results.">
            <location file="QuestionableCode.cpp" line="2" column="0"/>
        </error>
        <error id="missingIncludeSystem" severity="information" msg="Include file: &lt;numeric&gt; not found. Please note: Cppcheck does not need standard library headers to get proper results." verbose="Include file: &lt;numeric&gt; not found. Please note: Cppcheck does not need standard library headers to get proper results.">
            <location file="QuestionableCode.cpp" line="3" column="0"/>
        </error>
        <error id="missingIncludeSystem" severity="information" msg="Include file: &lt;set&gt; not found. Please note: Cppcheck does not need standard library headers to get proper results." verbose="Include file: &lt;set&gt; not found. Please note: Cppcheck does not need standard library headers to get proper results.">
            <location file="QuestionableCode.cpp" line="4" column="0"/>
        </error>
        <error id="missingIncludeSystem" severity="information" msg="Include file: &lt;vector&gt; not found. Please note: Cppcheck does not need standard library headers to get proper results." verbose="Include file: &lt;vector&gt; not found. Please note: Cppcheck does not need standard library headers to get proper results.">
            <location file="QuestionableCode.cpp" line="5" column="0"/>
        </error>
        <error id="uninitMemberVarPrivate" severity="warning" msg="Member variable &apos;A::x&apos; is not initialized in the copy constructor." verbose="Member variable &apos;A::x&apos; is not initialized in the copy constructor. Member variables of native types, pointers, or references are left uninitialized when the class is instantiated. That may cause bugs or undefined behavior." cwe="398" file0="QuestionableCode.cpp">
            <location file="QuestionableCode.cpp" line="21" column="3"/>
            <symbol>A::x</symbol>
        </error>
        <error id="functionStatic" severity="performance" msg="Technically the member function &apos;MySpecialType::DontThrow&apos; can be static (but you may consider moving to unnamed namespace)." verbose="The member function &apos;MySpecialType::DontThrow&apos; can be made a static function. Making a function static can bring a performance benefit since no &apos;this&apos; instance is passed to the function. This change should not cause compiler errors but it does not necessarily make sense conceptually. Think about your design and the task of the function first - is it a function that must not access members of class instances? And maybe it is more appropriate to move this function to an unnamed namespace." cwe="398" inconclusive="true" file0="QuestionableCode.cpp">
            <location file="QuestionableCode.cpp" line="29" column="8"/>
            <symbol>MySpecialType::DontThrow</symbol>
        </error>
        <error id="throwInNoexceptFunction" severity="error" msg="Exception thrown in function declared not to throw exceptions." verbose="Exception thrown in function declared not to throw exceptions." cwe="398" file0="QuestionableCode.cpp">
            <location file="QuestionableCode.cpp" line="31" column="5"/>
        </error>
        <error id="unusedStructMember" severity="style" msg="class member &apos;A::x&apos; is never used." verbose="class member &apos;A::x&apos; is never used." cwe="563" file0="QuestionableCode.cpp">
            <location file="QuestionableCode.cpp" line="20" column="7"/>
            <symbol>A::x</symbol>
        </error>
        <error id="unusedFunction" severity="style" msg="The function &apos;is_type&apos; is never used." verbose="The function &apos;is_type&apos; is never used." cwe="561">
            <location file="QuestionableCode.cpp" line="10" column="0"/>
            <symbol>is_type</symbol>
        </error>
        <error id="unusedFunction" severity="style" msg="The function &apos;DontThrow&apos; is never used." verbose="The function &apos;DontThrow&apos; is never used." cwe="561">
            <location file="QuestionableCode.cpp" line="29" column="0"/>
            <symbol>DontThrow</symbol>
        </error>
        <error id="checkersReport" severity="information" msg="Active checkers: 179/856 (use --checkers-report=&lt;filename&gt; to see details)" verbose="Active checkers: 179/856 (use --checkers-report=&lt;filename&gt; to see details)"/>
    </errors>
</results>
